{
  "test_summary": {
    "operations_completed": 770,
    "total_test_time_seconds": 2.722257869000032
  },
  "key_generation": {
    "lwe_keygen_ms": {
      "p50": 0.10090699998954733,
      "p95": 0.15644735000250884,
      "mean": 0.11426975001995743,
      "throughput": 8751.222434855665
    },
    "rlwe_keygen_ms": {
      "p50": 0.0,
      "p95": 0.0,
      "mean": 0
    },
    "bundle_generation_ms": {
      "p50": 2.7559944999779873,
      "p95": 3.5286688000326194,
      "mean": 2.8998313999863967
    }
  },
  "encryption_decryption": {
    "encrypt_ms": {
      "p50": 0.018185999977049505,
      "p95": 0.03153295002675803,
      "mean": 0.021732719999363326,
      "throughput": 46013.568482421695
    },
    "decrypt_ms": {
      "p50": 0.0013130000411365472,
      "p95": 0.002070450011615321,
      "mean": 0.0015136799947867985,
      "throughput": 660641.6174119087
    },
    "encrypt_batch_ms": {
      "p50": 0.32194200002777507,
      "p95": 0.5996999999752006,
      "mean": 0.36029133336038893
    }
  },
  "homomorphic_operations": {
    "add_ms": {
      "p50": 0.007354499985012808,
      "p95": 0.011443500073937685,
      "mean": 0.008448690006161996
    },
    "multiply_ms": {
      "p50": 0.010379499940427195,
      "p95": 0.013641800023833632,
      "mean": 0.010207599996192585
    },
    "matmul_ms": {
      "p50": 0.05101750002722838,
      "p95": 0.06227424997859999,
      "mean": 0.05101750002722838
    }
  },
  "encrypted_lora": {
    "delta_computation_ms": {
      "p50": 0.6253635000348368,
      "p95": 0.8043508999890041,
      "mean": 0.6759514500004116,
      "throughput": 1479.3961903615875
    },
    "forward_pass_ms": {
      "p50": 55.06319949995486,
      "p95": 59.047689699974626,
      "mean": 55.654871099966385
    },
    "adapter_register_ms": {
      "p50": 2.08779100000811,
      "p95": 2.144561800082556,
      "mean": 2.090545500010421
    }
  },
  "private_inference": {
    "total_inference_ms": {
      "p50": 4.199216500012426,
      "p95": 4.770668350050755,
      "mean": 4.114846300024055
    },
    "encrypt_embedding_ms": {
      "p50": 54.45763599999509,
      "p95": 59.19087904997583,
      "mean": 54.6419571999877
    },
    "decrypt_output_ms": {
      "p50": 0.00926749993368503,
      "p95": 0.022402799987730763,
      "mean": 0.011096750000660904
    }
  },
  "serialization": {
    "binary_serialize_ms": {
      "p50": 0.06648300001188545,
      "p95": 0.09363219999727335,
      "mean": 0.07252615999277623
    },
    "json_serialize_ms": {
      "p50": 0.0559865000013815,
      "p95": 0.08948014998395588,
      "mean": 0.0839734600117481
    },
    "base64_serialize_ms": {
      "p50": 0.07737399999996342,
      "p95": 0.10226710006122629,
      "mean": 0.0821187599899531
    },
    "binary_deserialize_ms": {
      "p50": 0.012865499968484073,
      "p95": 0.020003600013751562,
      "mean": 0.014062479997392074
    }
  },
  "size_metrics": {
    "average_ciphertext_bytes": 4120,
    "average_bundle_bytes": 123600
  },
  "metadata": {
    "timestamp": "2026-01-30T06:59:47.744490",
    "test_type": "N2HE E2E Integration",
    "framework": "TenSafe + N2HE"
  },
  "summary": {
    "total_operations": 770,
    "total_time_seconds": 2.722257869000032,
    "all_tests_passed": true
  },
  "kpi": {
    "keygen_throughput": "8751 ops/sec",
    "encrypt_throughput": "46014 ops/sec",
    "lora_delta_throughput": "1479 ops/sec",
    "average_ciphertext_size": "4120 bytes"
  }
}